ID,Gender_Code,Region,Income,Spending
1,Female,Rural,20,15
2,Male,Rural,5,12
3,Female,Urban,28,18
4,Male,Urban,40,10
5,Male,Urban,42,9
6,Male,Rural,13,14
7,Male,Urban,31,10
8,Male,Rural,18,9
9,Male,Rural,23,12
10,Female,Rural,19,20
11,Male,Rural,15,5
12,Female,Urban,29,13
13,Female,Urban,40,8
14,Male,Urban,32,9
15,Female,Rural,9,10
16,,Urban,36,18
17,Female,Urban,30,13
18,Female,Rural,12,19
19,Female,Urban,45,10
20,Male,Rural,19,9
21,Male,,23,11
22,Female,Rural,21,12
23,Male,Urban,33,16
24,Male,Urban,44,9
25,Female,Rural,21,11
26,Female,,11,20
27,Female,Rural,13,5
28,Female,Urban,25,5
29,,Urban,37,17
30,Female,Rural,19,18
31,Female,Urban,36,8
32,Female,Rural,22,6
33,Female,Urban,47,18
34,Male,Rural,6,6
35,Male,Rural,21,12
36,Female,Rural,14,18
37,Female,Urban,27,7
38,Male,Rural,13,9
39,Female,Urban,31,20
40,Male,Urban,26,18
41,Male,Rural,8,14
42,Male,Rural,15,16
43,Male,Urban,45,10
44,Female,Urban,32,16
45,Male,Rural,12,15
46,Male,Urban,36,9
47,Female,Urban,38,18
48,,Rural,10,8
49,Male,Urban,50,5
50,Male,Urban,34,9
51,Female,Rural,24,11
52,Male,,8,14
53,Female,Rural,24,20
54,Male,Urban,50,8
55,Female,Urban,35,9
56,Female,Urban,,14
57,Male,Urban,48,9
58,Female,Rural,10,15
59,Female,Urban,27,11
60,Male,Urban,35,5
61,Female,,26,16
62,Male,Urban,46,6
63,Male,Urban,46,5
64,Female,Rural,14,11
65,Male,Urban,36,
66,Male,Rural,18,15
67,Male,Urban,30,13
68,Female,Rural,20,13
69,Female,Rural,16,10
70,,Rural,7,19
71,Male,Rural,,6
72,Male,Rural,7,11
73,Female,Urban,28,10
74,Male,Urban,26,12
75,Female,Urban,37,10
76,Male,Rural,14,10
77,Male,Rural,16,9
78,Male,Rural,6,
79,Male,Rural,20,5
80,Male,Urban,37,18
81,Female,Rural,13,11
82,Male,Urban,49,20
83,Female,Urban,36,5
84,Male,Rural,16,7
85,Female,Rural,8,14
86,Female,Urban,45,15
87,Male,Rural,7,5
88,Male,Rural,7,15
89,Male,Rural,24,13
90,Female,Urban,31,11
91,Female,Urban,34,
92,Male,Urban,,18
93,Male,Urban,29,6
94,Female,Urban,42,18
95,Male,Urban,48,7
96,Male,Rural,25,5
97,Male,Urban,35,8
98,Male,Urban,44,8
99,Female,Rural,25,17
100,Male,Urban,37,
101,Female,Rural,14,14
102,Male,Urban,,16
103,Male,Rural,11,16
104,Female,Rural,8,10
105,Male,Rural,22,19
106,,Urban,42,12
107,Male,Urban,25,10
108,Male,Rural,24,5
109,Male,Rural,24,8
110,Female,,44,7
111,Female,Rural,9,10
112,Female,Urban,41,8
113,Female,Urban,,11
114,Male,Rural,19,14
115,Male,Rural,14,9
116,Female,Rural,7,12
117,Male,Urban,45,7
118,Female,Rural,14,17
119,Female,Urban,49,8
120,Female,Rural,11,9
121,Male,Rural,7,11
122,Female,Urban,40,7
123,Female,Rural,25,18
124,Male,Urban,32,17
125,Female,Rural,24,5
126,Male,Rural,25,7
127,Male,Urban,33,5
128,Female,Rural,25,19
129,Female,Rural,24,12
130,Female,Urban,26,10
131,Male,Urban,33,17
132,Male,Urban,41,18
133,Male,Urban,39,10
134,Male,Rural,19,15
135,Female,Rural,11,8
136,Female,Rural,5,5
137,Male,Rural,9,8
138,Male,Rural,8,8
139,Male,Urban,33,11
140,Male,Rural,21,6
141,Male,Urban,44,20
142,Female,Rural,10,7
143,Female,Urban,46,13
144,Male,Urban,48,8
145,Male,Urban,25,7
146,Female,Urban,31,9
147,Female,Urban,29,5
148,Male,Urban,35,5
149,Male,Urban,41,10
150,Female,Urban,37,18
151,Male,Rural,14,6
152,Female,Urban,34,8
153,Male,Rural,5,6
154,Female,Rural,7,15
155,Male,Urban,35,7
156,Male,Urban,47,16
157,Female,Urban,34,10
158,Male,Urban,34,20
159,Female,Urban,27,10
160,Male,Rural,21,6
161,Male,Rural,9,10
162,Male,Urban,31,10
163,Male,Rural,17,6
164,Female,Urban,25,13
165,Female,Rural,12,7
166,Male,Urban,39,16
167,Male,Urban,49,9
168,Male,Urban,41,19
169,Female,Rural,14,7
170,Male,Urban,28,18
171,Female,Rural,21,17
172,Female,Urban,43,6
173,Female,Rural,20,17
174,Female,Rural,13,7
175,Female,Rural,14,9
176,Male,Urban,26,8
177,Female,Rural,13,10
178,Male,Urban,32,15
179,Female,Urban,38,5
180,Female,Urban,40,6
181,Female,Urban,47,9
182,Female,Urban,47,18
183,Male,Urban,29,10
184,Male,Rural,20,13
185,Male,Rural,12,7
186,Female,Rural,12,5
187,Female,Urban,39,20
188,Male,Urban,42,11
189,Male,Rural,25,12
190,Male,Urban,34,13
191,Male,Urban,34,6
192,Female,Urban,49,14
193,Male,Rural,14,17
194,Female,Urban,40,20
195,Male,Urban,26,7
196,Male,Urban,27,7
197,Female,Urban,26,10
198,Male,Urban,31,10
199,Male,Urban,39,18
200,Female,Urban,43,20
201,Male,Urban,37,6
202,Female,Urban,26,10
203,Male,Rural,18,10
204,Female,Urban,32,8
205,Female,Rural,8,17
206,Female,Rural,11,10
207,Male,Rural,9,13
208,Male,Urban,26,17
209,Male,Urban,47,13
210,Male,Urban,39,15
211,Female,Rural,15,20
212,Male,Rural,25,7
213,Male,Urban,28,18
214,Male,Rural,10,9
215,Male,Rural,17,5
216,Male,Urban,28,6
217,Male,Rural,24,5
218,Male,Rural,21,5
219,Male,Rural,8,10
220,Male,Rural,17,14
221,Male,Rural,25,7
222,Female,Rural,25,6
223,Female,Urban,43,8
224,Male,Urban,37,10
225,Female,Rural,20,7
226,Female,Rural,8,16
227,Male,Urban,43,7
228,Male,Rural,23,19
229,Female,Urban,32,8
230,Female,Urban,43,13
231,Female,Rural,21,10
232,Female,Rural,12,7
233,Male,Urban,50,17
234,Male,Rural,25,15
235,Female,Rural,5,16
236,Male,Rural,23,5
237,Female,Urban,48,6
238,Male,Urban,45,19
239,Female,Rural,13,5
240,Male,Urban,44,20
241,Female,Urban,32,12
242,Female,Urban,34,19
243,Female,Urban,49,5
244,Male,Rural,8,8
245,Female,Rural,12,14
246,Female,Urban,43,9
247,Male,Urban,30,8
248,Female,Rural,16,18
249,Female,Rural,25,5
250,Female,Rural,20,9
251,Male,Urban,31,5
252,Male,Urban,43,20
253,Female,Rural,5,14
254,Male,Urban,45,8
255,Male,Urban,47,18
256,Female,Urban,42,10
257,Female,Rural,10,17
258,Female,Rural,20,17
259,Female,Urban,29,20
260,Male,Rural,11,6
261,Female,Rural,13,7
262,Female,Rural,18,16
263,Male,Urban,25,9
264,Male,Rural,22,19
265,Male,Rural,5,6
266,Male,Urban,43,15
267,Female,Urban,48,10
268,Male,Urban,34,9
269,Female,Rural,13,15
270,Female,Rural,11,8
271,Female,Rural,21,7
272,Female,Urban,26,11
273,Male,Rural,17,16
274,Female,Rural,18,19
275,Female,Rural,9,8
276,Female,Rural,19,14
277,Male,Urban,42,10
278,Female,Rural,8,19
279,Female,Urban,25,17
280,Male,Rural,12,17
281,Female,Rural,10,19
282,Male,Urban,47,5
283,Male,Rural,9,11
284,Female,Urban,27,8
285,Female,Rural,20,8
286,Female,Urban,32,7
287,Male,Urban,43,8
288,Female,Urban,34,5
289,Male,Rural,24,11
290,Male,Urban,44,8
291,Male,Rural,15,6
292,Female,Urban,39,12
293,Male,Rural,20,9
294,Female,Urban,43,6
295,Female,Urban,25,16
296,Female,Urban,26,19
297,Female,Rural,13,10
298,Female,Rural,16,16
299,Male,Rural,15,16
300,Female,Urban,47,12
301,Male,Rural,7,12
302,Female,Rural,15,13
303,Female,Rural,23,13
304,Male,Rural,15,9
305,Male,Urban,45,10
306,Female,Rural,25,8
307,Male,Urban,47,17
308,Female,Urban,27,9
309,Male,Urban,43,9
310,Male,Urban,30,7
311,Female,Rural,23,17
312,Male,Urban,39,5
313,Female,Rural,18,9
314,Female,Rural,7,7
315,Male,Rural,23,12
316,Female,Urban,46,19
317,Female,Rural,6,18
318,Female,Rural,5,11
319,Male,Urban,31,20
320,Female,Urban,46,16
321,Male,Urban,38,8
322,Female,Urban,49,9
323,Male,Rural,8,8
324,Male,Urban,49,9
325,Male,Rural,8,18
326,Male,Rural,9,16
327,Male,Urban,47,9
328,Female,Rural,10,16
329,Female,Rural,10,5
330,Female,Urban,49,8
331,Female,Urban,46,6
332,Female,Urban,41,18
333,Male,Urban,27,9
334,Male,Rural,20,18
335,Female,Urban,34,11
336,Male,Rural,13,15
337,Female,Urban,46,6
338,Male,Rural,23,15
339,Male,Rural,18,15
340,Male,Urban,50,20
341,Female,Rural,13,10
342,Female,Urban,32,11
343,Male,Urban,29,5
344,Male,Rural,16,16
345,Male,Rural,12,10
346,Male,Rural,15,10
347,Male,Rural,10,9
348,Female,Rural,12,7
349,Male,Urban,39,13
350,Female,Urban,49,17
351,Male,Rural,16,15
352,Male,Rural,24,8
353,Female,Rural,20,6
354,Male,Urban,48,16
355,Male,Rural,23,17
356,Male,Urban,39,19
357,Female,Urban,27,7
358,Male,Rural,23,18
359,Male,Rural,5,14
360,Female,Urban,33,14
361,Female,Urban,42,5
362,Male,Urban,45,10
363,Male,Rural,16,19
364,Male,Urban,49,10
365,Female,Urban,45,7
366,Male,Rural,11,7
367,Male,Rural,14,17
368,Female,Rural,19,6
369,Male,Urban,32,13
370,Male,Urban,41,8
371,Female,Rural,16,18
372,Male,Urban,38,10
373,Male,Rural,23,8
374,Male,Urban,44,10
375,Male,Rural,23,20
376,Male,Rural,8,5
377,Male,Urban,50,9
378,Male,Rural,7,9
379,Male,Rural,10,6
380,Male,Urban,47,7
381,Male,Urban,34,5
382,Female,Rural,7,14
383,Male,Rural,14,6
384,Male,Urban,30,6
385,Female,Urban,33,8
386,Female,Urban,25,12
387,Female,Rural,24,6
388,Female,Rural,15,12
389,Male,Rural,15,6
390,Male,Rural,15,7
391,Male,Urban,41,10
392,Female,Urban,45,5
393,Female,Urban,43,20
394,Male,Urban,35,6
395,Female,Rural,25,12
396,Male,Rural,8,10
397,Female,Urban,38,6
398,Female,Rural,17,19
399,Male,Urban,43,5
400,Male,Urban,41,9
401,Male,Rural,18,19
402,Male,Rural,8,9
403,Female,Rural,17,14
404,Female,Urban,43,7
405,Male,Urban,31,20
406,Male,Rural,19,12
407,Female,Rural,16,11
408,Male,Urban,35,5
409,Male,Urban,35,16
410,Female,Rural,8,9
411,Male,Urban,38,7
412,Female,Rural,16,8
413,Female,Urban,30,9
414,Male,Rural,22,8
415,Male,Rural,7,13
416,Male,Urban,47,15
417,Female,Rural,23,16
418,Female,Rural,11,19
419,Female,Urban,33,19
420,Female,Rural,6,10
421,Female,Rural,22,17
422,Female,Rural,15,7
423,Male,Urban,35,12
424,Male,Rural,23,19
425,Female,Urban,42,16
426,Male,Urban,37,6
427,Male,Rural,13,6
428,Male,Rural,17,19
429,Female,Rural,22,9
430,Male,Rural,10,8
431,Male,Rural,10,7
432,Female,Urban,43,17
433,Female,Rural,23,6
434,Female,Urban,30,12
435,Female,Urban,45,14
436,Female,Rural,13,10
437,Female,Rural,16,12
438,Female,Rural,6,10
439,Female,Rural,7,11
440,Male,Rural,12,10
441,Male,Urban,40,5
442,Male,Urban,31,15
443,Male,Rural,16,8
444,Female,Rural,25,6
445,Female,Urban,48,6
446,Female,Rural,7,6
447,Male,Urban,40,5
448,Female,Rural,12,9
449,Male,Urban,50,6
450,Female,Rural,9,17
451,Male,Urban,36,7
452,Female,Urban,41,19
453,Male,Urban,29,10
454,Male,Urban,49,5
455,Male,Rural,19,16
456,Male,Rural,25,6
457,Female,Urban,34,8
458,Male,Urban,49,20
459,Male,Urban,31,7
460,Male,Urban,36,6
461,Female,Urban,32,17
462,Male,Rural,16,11
463,Male,Rural,12,17
464,Male,Urban,49,9
465,Male,Urban,31,7
466,Female,Urban,33,18
467,Female,Rural,17,19
468,Male,Urban,39,7
469,Male,Rural,10,11
470,Male,Urban,38,5
471,Male,Urban,39,15
472,Female,Urban,50,19
473,Female,Rural,15,10
474,Female,Urban,27,16
475,Male,Urban,29,8
476,Male,Urban,40,8
477,Male,Rural,11,10
478,Female,Urban,48,19
479,Male,Urban,25,14
480,Male,Rural,24,7
481,Female,Rural,15,5
482,Male,Rural,20,15
483,Male,Urban,41,17
484,Male,Rural,21,8
485,Male,Rural,22,17
486,Male,Rural,10,7
487,Female,Rural,5,10
488,Male,Urban,32,12
489,Male,Urban,32,10
490,Male,Urban,45,7
491,Female,Rural,7,12
492,Male,Rural,6,5
493,Female,Rural,6,5
494,Female,Rural,21,7
495,Female,Urban,25,13
496,Male,Urban,28,15
497,Male,Rural,8,13
498,Female,Urban,32,7
499,Male,Rural,19,11
500,Male,Urban,35,6
501,Female,Urban,49,5
502,Female,Urban,30,17
503,Male,Urban,48,10
504,Female,Rural,11,8
505,Female,Urban,33,5
506,Male,Rural,8,18
507,Male,Urban,31,15
508,Male,Rural,16,10
509,Male,Urban,47,11
510,Female,Urban,42,10
511,Female,Rural,15,16
512,Male,Rural,12,20
513,Female,Rural,12,12
514,Male,Rural,23,10
515,Female,Rural,15,6
516,Male,Rural,9,7
517,Male,Urban,42,20
518,Female,Urban,44,5
519,Female,Urban,46,19
520,Male,Urban,31,8
521,Female,Urban,30,17
522,Male,Urban,46,19
523,Male,Urban,50,6
524,Female,Rural,23,6
525,Female,Rural,19,6
526,Female,Rural,5,18
527,Female,Urban,48,15
528,Male,Rural,14,6
529,Female,Rural,14,7
530,Female,Rural,20,12
531,Female,Rural,22,9
532,Female,Rural,24,9
533,Male,Urban,44,9
534,Male,Rural,19,8
535,Female,Urban,42,8
536,Male,Rural,7,10
537,Male,Rural,22,20
538,Male,Urban,49,17
539,Male,Rural,8,12
540,Female,Urban,43,7
541,Female,Urban,49,7
542,Female,Rural,13,5
543,Male,Urban,43,6
544,Female,Urban,42,8
545,Female,Urban,49,19
546,Male,Rural,12,7
547,Male,Urban,26,9
548,Male,Rural,13,6
549,Male,Rural,19,13
550,Male,Rural,6,7
551,Female,Rural,12,11
552,Female,Rural,14,18
553,Male,Urban,36,6
554,Male,Rural,15,10
555,Male,Urban,50,10
556,Female,Urban,39,15
557,Female,Urban,26,5
558,Male,Urban,35,20
559,Female,Rural,24,8
560,Female,Rural,13,9
561,Female,Rural,22,10
562,Female,Urban,30,8
563,Male,Urban,44,5
564,Male,Urban,35,9
565,Female,Urban,35,15
566,Female,Rural,16,5
567,Female,Urban,27,16
568,Female,Rural,20,8
569,Male,Rural,9,7
570,Female,Rural,15,13
571,Male,Urban,25,19
572,Female,Rural,5,9
573,Female,Rural,7,7
574,Female,Urban,40,19
575,Female,Rural,15,6
576,Male,Urban,29,9
577,Female,Urban,47,18
578,Female,Urban,31,18
579,Male,Urban,35,15
580,Female,Urban,45,18
581,Female,Rural,18,15
582,Female,Rural,12,18
583,Female,Urban,37,11
584,Male,Rural,7,9
585,Male,Rural,16,14
586,Female,Rural,6,10
587,Female,Urban,25,12
588,Female,Urban,46,11
589,Male,Rural,13,8
590,Male,Urban,34,5
591,Male,Rural,17,9
592,Male,Rural,20,19
593,Male,Rural,21,11
594,Male,Urban,40,9
595,Male,Urban,39,19
596,Male,Urban,37,9
597,Female,Urban,39,8
598,Male,Urban,33,5
599,Female,Rural,6,6
600,Female,Urban,29,10
601,Female,Rural,23,5
602,Female,Urban,40,17
603,Male,Rural,13,5
604,Female,Urban,43,18
605,Male,Urban,46,16
606,Female,Urban,27,8
607,Female,Rural,25,19
608,Male,Rural,12,10
609,Male,Urban,26,6
610,Female,Rural,15,12
611,Male,Urban,46,14
612,Male,Rural,21,10
613,Male,Urban,26,20
614,Female,Rural,13,8
615,Male,Rural,16,17
616,Female,Rural,21,9
617,Female,Urban,50,8
618,Male,Rural,21,9
619,Male,Rural,24,17
620,Female,Urban,30,13
621,Male,Urban,49,20
622,Female,Rural,9,6
623,Female,Rural,18,19
624,Female,Urban,26,14
625,Female,Urban,45,18
626,Female,Urban,36,9
627,Female,Urban,30,10
628,Female,Urban,39,7
629,Female,Rural,18,16
630,Male,Urban,28,10
631,Female,Rural,20,17
632,Male,Rural,17,16
633,Male,Rural,14,10
634,Female,Rural,25,18
635,Female,Rural,24,15
636,Male,Urban,43,6
637,Female,Rural,25,9
638,Male,Rural,9,5
639,Male,Rural,14,5
640,Female,Urban,44,5
641,Female,Urban,47,7
642,Male,Urban,47,9
643,Female,Rural,11,16
644,Male,Rural,19,17
645,Male,Urban,49,14
646,Female,Urban,44,11
647,Female,Rural,16,10
648,Male,Rural,10,7
649,Female,Rural,22,9
650,Male,Urban,32,10
651,Female,Urban,29,6
652,Male,Urban,49,6
653,Male,Urban,41,10
654,Male,Urban,36,6
655,Male,Urban,32,17
656,Female,Rural,7,6
657,Male,Urban,49,17
658,Female,Rural,5,9
659,Male,Urban,47,10
660,Female,Urban,25,18
661,Female,Rural,5,9
662,Male,Urban,44,20
663,Female,Rural,8,7
664,Female,Urban,50,13
665,Female,Rural,6,18
666,Male,Urban,38,9
667,Male,Rural,12,5
668,Male,Urban,26,5
669,Female,Urban,38,10
670,Male,Urban,42,18
671,Female,Urban,28,16
672,Male,Rural,8,14
673,Female,Urban,33,8
674,Male,Rural,14,7
675,Male,Urban,50,8
676,Male,Urban,34,11
677,Male,Rural,7,11
678,Male,Rural,20,10
679,Male,Rural,21,17
680,Female,Urban,50,18
681,Female,Urban,50,11
682,Male,Rural,9,19
683,Female,Rural,12,9
684,Male,Urban,42,9
685,Female,Urban,35,15
686,Female,Urban,25,13
687,Female,Rural,23,8
688,Female,Rural,7,13
689,Female,Rural,16,17
690,Male,Urban,30,11
691,Male,Urban,48,19
692,Male,Urban,31,7
693,Male,Urban,38,7
694,Female,Rural,20,6
695,Female,Urban,26,12
696,Female,Urban,37,10
697,Male,Rural,15,6
698,Male,Rural,8,19
699,Male,Urban,29,19
700,Male,Rural,8,7
701,Female,Rural,10,5
702,Female,Rural,14,17
703,Female,Urban,42,15
704,Male,Rural,21,15
705,Female,Rural,9,6
706,Female,Rural,12,13
707,Female,Rural,16,13
708,Female,Rural,11,19
709,Male,Rural,8,7
710,Female,Urban,27,6
711,Female,Rural,17,10
712,Female,Urban,29,18
713,Male,Rural,18,5
714,Female,Urban,36,17
715,Male,Rural,22,6
716,Female,Rural,20,5
717,Male,Rural,14,12
718,Male,Rural,12,15
719,Male,Rural,23,11
720,Female,Rural,20,14
721,Male,Urban,25,9
722,Male,Rural,7,11
723,Female,Urban,33,10
724,Female,Urban,41,14
725,Male,Rural,10,12
726,Female,Rural,11,5
727,Male,Rural,13,6
728,Male,Rural,18,14
729,Female,Rural,17,6
730,Male,Rural,25,5
731,Male,Urban,46,11
732,Female,Urban,37,12
733,Female,Urban,29,5
734,Female,Urban,39,8
735,Female,Rural,18,8
736,Male,Rural,25,12
737,Male,Urban,44,12
738,Female,Rural,9,10
739,Female,Urban,30,9
740,Female,Urban,37,11
741,Male,Urban,30,10
742,Female,Rural,10,19
743,Female,Urban,44,7
744,Female,Rural,6,19
745,Male,Urban,42,9
746,Male,Urban,32,11
747,Male,Urban,38,10
748,Female,Rural,8,18
749,Male,Rural,11,10
750,Male,Urban,47,11
751,Female,Rural,24,6
752,Female,Rural,24,10
753,Female,Urban,40,9
754,Female,Rural,15,6
755,Male,Urban,46,7
756,Male,Rural,11,10
757,Male,Urban,39,17
758,Male,Rural,7,18
759,Male,Rural,11,18
760,Male,Urban,43,5
761,Male,Rural,13,7
762,Male,Rural,14,9
763,Male,Rural,10,5
764,Female,Urban,33,5
765,Female,Urban,33,10
766,Male,Urban,41,10
767,Male,Rural,24,19
768,Female,Urban,45,13
769,Male,Urban,41,12
770,Male,Urban,50,17
771,Male,Rural,25,17
772,Male,Urban,50,14
773,Male,Rural,15,8
774,Male,Rural,15,9
775,Female,Rural,19,15
776,Male,Urban,32,8
777,Male,Rural,24,20
778,Male,Urban,28,14
779,Male,Urban,43,7
780,Male,Urban,31,10
781,Male,Urban,29,14
782,Female,Rural,15,15
783,Male,Urban,26,17
784,Male,Urban,34,7
785,Female,Urban,48,15
786,Male,Urban,37,16
787,Female,Rural,21,8
788,Female,Urban,25,8
789,Male,Rural,23,10
790,Female,Rural,5,12
791,Female,Rural,8,17
792,Male,Urban,35,10
793,Male,Rural,22,11
794,Male,Rural,18,16
795,Female,Rural,17,10
796,Female,Rural,17,19
797,Female,Rural,11,19
798,Male,Urban,27,13
799,Female,Urban,45,8
800,Female,Urban,35,10
801,Male,Rural,12,11
802,Female,Urban,38,16
803,Male,Rural,7,9
804,Male,Rural,18,11
805,Female,Rural,5,18
806,Female,Urban,31,17
807,Male,Urban,36,6
808,Female,Urban,28,5
809,Female,Urban,48,9
810,Male,Rural,21,16
811,Male,Urban,43,5
812,Female,Urban,30,9
813,Male,Urban,34,16
814,Female,Urban,35,19
815,Male,Rural,17,11
816,Female,Rural,5,13
817,Female,Rural,25,10
818,Male,Rural,14,8
819,Female,Rural,14,9
820,Female,Urban,26,10
821,Female,Urban,34,17
822,Female,Urban,37,16
823,Male,Rural,15,6
824,Female,Rural,11,17
825,Female,Rural,19,7
826,Male,Urban,43,11
827,Male,Rural,13,15
828,Female,Urban,50,16
829,Male,Rural,17,9
830,Male,Urban,49,15
831,Male,Urban,36,11
832,Male,Urban,43,5
833,Female,Rural,7,9
834,Male,Rural,21,6
835,Female,Urban,34,14
836,Male,Urban,29,10
837,Female,Urban,50,15
838,Male,Urban,40,19
839,Male,Rural,17,10
840,Male,Urban,25,14
841,Female,Urban,29,20
842,Male,Urban,38,19
843,Male,Rural,12,5
844,Female,Urban,32,14
845,Female,Urban,36,15
846,Female,Rural,8,8
847,Male,Rural,16,8
848,Female,Rural,10,5
849,Male,Urban,35,12
850,Female,Rural,5,14
851,Male,Rural,14,6
852,Female,Rural,6,8
853,Male,Rural,14,19
854,Male,Urban,37,10
855,Male,Urban,31,8
856,Female,Urban,41,10
857,Female,Rural,24,20
858,Male,Urban,41,18
859,Male,Urban,50,8
860,Female,Urban,26,15
861,Female,Urban,31,5
862,Female,Rural,21,9
863,Male,Rural,10,12
864,Female,Rural,8,16
865,Female,Rural,11,7
866,Male,Urban,29,12
867,Female,Urban,44,12
868,Male,Rural,7,20
869,Female,Rural,20,7
870,Male,Urban,46,6
871,Female,Rural,23,10
872,Male,Rural,23,6
873,Male,Rural,23,20
874,Female,Urban,34,12
875,Male,Urban,38,5
876,Female,Rural,7,7
877,Female,Rural,7,14
878,Male,Rural,24,5
879,Male,Urban,30,20
880,Female,Urban,29,5
881,Male,Rural,11,10
882,Male,Rural,20,19
883,Male,Rural,22,8
884,Female,Urban,49,13
885,Male,Rural,14,5
886,Female,Rural,8,10
887,Female,Urban,30,9
888,Male,Urban,33,12
889,Male,Rural,10,15
890,Female,Rural,8,5
891,Female,Rural,18,9
892,Male,Urban,38,15
893,Male,Rural,17,9
894,Male,Urban,27,10
895,Male,Urban,43,7
896,Male,Rural,25,9
897,Male,Rural,19,8
898,Female,Urban,49,10
899,Female,Rural,12,5
900,Female,Urban,25,12
901,Female,Urban,50,20
902,Female,Rural,10,18
903,Male,Rural,15,9
904,Male,Rural,12,13
905,Female,Urban,49,8
906,Female,Urban,28,6
907,Female,Rural,6,5
908,Female,Urban,40,8
909,Male,Urban,41,16
910,Female,Urban,50,17
911,Male,Urban,45,7
912,Male,Rural,12,6
913,Male,Urban,45,13
914,Female,Urban,39,16
915,Female,Rural,6,11
916,Female,Rural,5,16
917,Male,Urban,49,10
918,Male,Rural,19,8
919,Female,Urban,27,11
920,Female,Rural,15,8
921,Female,Urban,45,12
922,Male,Rural,11,10
923,Female,Rural,5,11
924,Male,Urban,27,8
925,Male,Rural,16,7
926,Female,Urban,29,5
927,Male,Urban,29,13
928,Male,Rural,13,13
929,Female,Urban,31,20
930,Male,Urban,48,19
931,Female,Rural,13,19
932,Male,Rural,7,19
933,Male,Urban,45,6
934,Female,Rural,14,20
935,Male,Rural,6,8
936,Male,Urban,25,13
937,Female,Urban,48,10
938,Male,Rural,13,10
939,Female,Rural,8,9
940,Male,Rural,25,10
941,Female,Rural,18,6
942,Female,Rural,23,10
943,Male,Rural,25,6
944,Female,Urban,32,8
945,Male,Rural,24,9
946,Female,Urban,49,18
947,Male,Urban,45,5
948,Female,Urban,38,5
949,Male,Urban,41,14
950,Female,Rural,6,10
951,Male,Urban,44,10
952,Female,Rural,21,9
953,Female,Rural,25,16
954,Female,Urban,45,12
955,Male,Urban,44,9
956,Male,Urban,33,7
957,Male,Urban,28,14
958,Male,Rural,6,8
959,Female,Rural,23,14
960,Female,Rural,12,6
961,Female,Rural,19,9
962,Male,Rural,24,7
963,Female,Rural,10,8
964,Male,Urban,29,8
965,Male,Urban,34,19
966,Male,Urban,26,19
967,Female,Rural,7,13
968,Male,Urban,43,18
969,Male,Urban,49,17
970,Female,Urban,40,8
971,Male,Rural,8,10
972,Male,Rural,6,8
973,Female,Rural,8,16
974,Male,Rural,13,11
975,Female,Urban,44,20
976,Male,Rural,18,6
977,Male,Urban,28,18
978,Male,Urban,25,10
979,Female,Urban,37,7
980,Male,Rural,15,18
981,Female,Urban,32,13
982,Female,Rural,5,7
983,Female,Rural,6,15
984,Male,Urban,37,12
985,Female,Rural,12,6
986,Male,Urban,43,10
987,Female,Rural,17,8
988,Male,Urban,39,8
989,Male,Urban,32,16
990,Male,Urban,31,10
991,Male,Urban,43,5
992,Female,Rural,15,6
993,Female,Rural,14,16
994,Female,Urban,28,9
995,Female,Urban,35,20
996,Female,Rural,7,19
997,Female,Urban,48,7
998,Female,Rural,7,7
999,Male,Rural,22,10
1000,Female,Urban,29,18
1001,Female,Urban,27,6
1002,Female,Urban,40,19
1003,Female,Urban,26,11
1004,Female,Urban,40,13
1005,Female,Rural,14,7
1006,Female,Rural,23,9
1007,Male,Urban,27,12
1008,Female,Rural,24,9
1009,Female,Rural,6,7
1010,Female,Urban,31,20
1011,Male,Rural,14,7
1012,Female,Rural,11,9
1013,Male,Rural,6,11
1014,Male,Urban,44,18
1015,Female,Rural,24,19
1016,Male,Rural,8,10
1017,Female,Urban,34,8
1018,Male,Rural,21,9
1019,Female,Rural,24,9
1020,Female,Rural,24,10
1021,Male,Rural,23,6
1022,Male,Rural,8,15
1023,Male,Rural,7,5
1024,Male,Rural,18,7
1025,Male,Urban,32,7
1026,Female,Rural,13,6
1027,Male,Rural,19,10
1028,Male,Urban,27,17
1029,Female,Rural,7,9
1030,Female,Rural,8,19
1031,Female,Rural,5,7
1032,Male,Rural,5,5
1033,Male,Rural,10,9
1034,Female,Urban,44,5
1035,Female,Urban,40,6
1036,Female,Rural,15,20
1037,Female,Rural,17,7
1038,Female,Rural,10,18
1039,Female,Urban,42,9
1040,Male,Rural,5,19
1041,Female,Urban,28,18
1042,Male,Rural,11,14
1043,Male,Urban,25,6
1044,Female,Rural,9,16
1045,Female,Urban,48,6
1046,Male,Urban,39,5
1047,Male,Urban,45,10
1048,Male,Urban,45,15
1049,Female,Rural,8,10
1050,Male,Rural,5,9
1051,Female,Rural,25,5
1052,Female,Urban,33,9
1053,Male,Urban,32,10
1054,Female,Rural,7,10
1055,Female,Rural,25,7
1056,Female,Rural,19,14
1057,Male,Urban,46,7
1058,Female,Urban,32,16
1059,Female,Urban,48,6
1060,Male,Rural,9,13
1061,Male,Rural,13,17
1062,Male,Urban,32,7
1063,Female,Rural,21,5
1064,Female,Urban,37,15
1065,Male,Rural,25,13
1066,Female,Rural,13,19
1067,Male,Urban,33,10
1068,Male,Rural,6,5
1069,Female,Rural,18,7
1070,Female,Rural,8,8
1071,Female,Urban,32,9
1072,Male,Rural,12,6
1073,Male,Urban,27,15
1074,Female,Rural,10,14
1075,Male,Rural,19,19
1076,Female,Urban,49,8
1077,Male,Rural,24,20
1078,Male,Urban,44,7
1079,Male,Urban,40,7
1080,Female,Rural,10,6
1081,Male,Urban,30,16
1082,Male,Urban,33,14
1083,Female,Urban,38,9
1084,Female,Urban,39,10
1085,Male,Rural,16,9
1086,Female,Urban,25,8
1087,Female,Urban,29,7
1088,Female,Rural,23,10
1089,Male,Urban,44,18
1090,Male,Rural,25,9
1091,,Rural,9,11
1092,Female,Rural,19,8
1093,Female,Rural,16,20
1094,Female,,47,16
1095,Male,Rural,22,15
1096,Female,Rural,17,17
1097,Female,Urban,40,17
1098,Female,Urban,,11
1099,Male,Urban,48,7
1100,Female,Rural,15,8
1101,Male,Rural,10,19
1102,Female,Rural,5,17
1103,Female,Urban,30,
1104,Female,Rural,12,10
1105,Male,Rural,24,8
1106,Male,Urban,48,8
1107,Male,Urban,40,12
1108,Male,Rural,5,7
1109,Female,Urban,33,16
1110,Male,Urban,48,7
1111,Male,Urban,31,16
1112,Male,Urban,50,14
1113,Male,Urban,26,11
